query,title,url,source,published_date,collected_at,search_intent,is_maharashtra,is_noise,row_type,article_text,language,extraction_method,extraction_status
cyber fraud Maharashtra,"Maharashtra cyber fraudster who operated from Dubai held in Bangkok, brought to India - The Indian Express",https://news.google.com/rss/articles/CBMi1gFBVV95cUxNTFJyMFlWb29tc0x4T1FIeW5hOHN0eHRmV044bGtUMlRjN0R3b0IxdVNZT2RfTnl2NC1yYlpjeWlyanhnRTJvbFFjRUVHN0JYdW0zQ2szdW56czExREp6RXd0M1liWmI5VUpPUDVRNXNQSWtKTE0wVjRVUHNfU0lTbG4wYS1nS1MwOGdSeFByU0JTY0lCbGxOWFNoWDNiQlYtcVZaOVpEU1BaMmJfUFFnU1JtVXhoYTBSVUVjVzBMdTZQQ05aZ0lrS21kVzhSMklRTXJQSUVR0gHcAUFVX3lxTFBFN1JSVS1aU2xna0N2WEctQjhFRXZHd28tZFp4SXFhSXVDN29sejZmTUhoUmxuVnVPeWY4S04tMHdDNWcxc3AxY0dsR1Z6cVc0MUZQejhCdkdxVUdvQWJaQTBjYl9pUXJuY25OcC14QzNTUURqaTVvWmVENFIwdUlVQ3Bvdnc3ZHc5d0ZKZTFGTkhPc2NmSUM5ZjJxVzEyZ0VSUnZnVzIteXF3VlpqRTNRNFduUjVHY2dpejZtUEFXWmZnbEY4NkFFdjNnWXVEM01xVklTdHV1RWdtQmU?oc=5,The Indian Express,"Fri, 12 Jun 2026 10:52:51 GMT",2026-06-13T00:58:03.960208,cyber_fraud,True,False,candidate,,unknown,none,failed
cyber fraud Maharashtra,Pimpri-Chinchwad Cyber Police Arrests Mastermind Of Cyber Fraud Network - ETV Bharat,https://news.google.com/rss/articles/CBMivgFBVV95cUxPbmNWUDFOLUZycEROcnNFeDF6dHRKNmEtSDgtTko5cGpreTUyVEV5SG1jOGlGSEhBMFdFdG1KMDhhaW1yODB1ZGowSm1qS256ZDlYQUVZYkdYUll4cjhQdU5Ob2dkcFJySjNPTkVUSmlUUlR6U1RDX1JyQ0lWVHB0VTN6OENJdFZuZ1h2SDh3NkVRaEJibmN0NXllcFNnbklJV2pkeXlJcjFlcHdpNEdGaktZaHBjeGt1SHRXRDln0gHDAUFVX3lxTE1Id1pIR3BacnV6SkdtcmdCS2QwODNVMHEwMTBhN2s4RVpnWXREYm1XT3JJUDJHUFJfTnZKekYwd3VCYUk2S3VXMFQyNnFTQ3hqbTQzZlFWeFhoUnVYZGNRb1p5QXBWVXAxRnpNeWFJaUViTmF1akdxSWVPay1uNGdjc3FfSmF5endFLUhkSE9HNkxILXI5OUJWczVuUFE3dUxoeUlZbGROcTg0Ukl4NThaaGV5MGRBbmJpeVEwbHdVZm1YYw?oc=5,ETV Bharat,"Fri, 12 Jun 2026 16:17:09 GMT",2026-06-13T00:58:03.960220,cyber_fraud,True,False,candidate,,unknown,none,failed
cyber fraud Maharashtra,"Notorious cyberfraud kingpin deported from Thailand, handed over to Maharashtra Police - Deccan Herald",https://news.google.com/rss/articles/CBMi1wFBVV95cUxOVTlIRlZkS3VWd19QZXNKRm8xV3RyVWxaaUpYdXlaTzhGbG5NR3hEdjJxOGZtSUFmZnhnQlpKdmhLUEVGQ3pVbUhjRjlIY1daZVJFX1FYWWIzSWV0WmhPYno3cGVKNV9UWmFjaERhbzdNTU0xNE54bE5vMjc0RzRmYmJvU2FHRjFsb3VXWENQR2otUlplVU1FcDF0Yjd0ajd4Ums4cmlVQzZTSDNoSXZ2cXU2TzFjWUIyekg2WTBIMFNoU1p3aUJhaUYwdkRJVC01TmxfMmc1OA?oc=5,Deccan Herald,"Thu, 11 Jun 2026 16:38:44 GMT",2026-06-13T00:58:03.960233,cyber_fraud,True,False,candidate,,unknown,none,failed
cyber fraud Maharashtra,"Cyber fraud kingpin deported from Thailand, lands in Mumbai | Mumbai news - Hindustan Times",https://news.google.com/rss/articles/CBMizgFBVV95cUxOQ2E0RHdBXzgwa000VmxVdU5vYldtSnVsMW50VTdycncxQ0lZb3RFYzhSUG9femxGUTNJdHZocDRaaGlfZUc0UGZLWXpYTENzRDBrQ3VNV1JqdXdKaW1iSzFYa3JKUC00ekFUdm1ld20xcVVTcHVqN01EQ0J4SG8yZklraGZCT2dCZVV6WUhoRjktTDFDTGxaaW9BWGptMjlzWjFnMjRSTkE1d0VwRDFXd1QzUHMtVXN1WTNWMlJocFZhSEoyVmhNNUtOb1c5Z9IBzgFBVV95cUxOQ2E0RHdBXzgwa000VmxVdU5vYldtSnVsMW50VTdycncxQ0lZb3RFYzhSUG9femxGUTNJdHZocDRaaGlfZUc0UGZLWXpYTENzRDBrQ3VNV1JqdXdKaW1iSzFYa3JKUC00ekFUdm1ld20xcVVTcHVqN01EQ0J4SG8yZklraGZCT2dCZVV6WUhoRjktTDFDTGxaaW9BWGptMjlzWjFnMjRSTkE1d0VwRDFXd1QzUHMtVXN1WTNWMlJocFZhSEoyVmhNNUtOb1c5Zw?oc=5,Hindustan Times,"Thu, 11 Jun 2026 23:16:12 GMT",2026-06-13T00:58:03.960240,cyber_fraud,True,False,candidate,,unknown,none,failed
cyber fraud Maharashtra,"Cyber fraud accused Ganesh Kale deported from Thailand, arrested in Mumbai - Mid-day",https://news.google.com/rss/articles/CBMi6AFBVV95cUxNWWRvOXJTUzVwWWxLQUdvNlBmR25FSkhVd1ZaTjE4THc5RW1OWi03VFNhV0tzSnJOSlNhMU5OUjVpbEVVY3pPMm1aT0VzZXBEbVpBWENjdmRSNmtLaThqcVppT3RlZnRXbFZjcGV3dzlBSkhtNUVrVy0xT0dXVW1Tc1o4WnpqM1I4amE1Mi0wSGpTeDJSRm0tM1RiY2xYdmtqRC1ZWS1uN1JWRUFZNFVqS1dmbUkyamE1SEpiQTdzWTZUemdWN256dmNqbS1LT3J0T3FFYlk5aFJUc0F0ckI2S25YcHNtTlNP0gHuAUFVX3lxTE5aVVZSR3dZYlk4R0lUYnJYUE1yUnR1Vlp5UXBtLU54VjJPaDYxWVFKcGx4bVFYRUtqa3VON09CTHZIeG15M09YdklXMnMxcEVZZzFOTEd0ZTIzbDZ0VXR5b1c0Q0tMcnNJVEQzYTh5bnBFaWJvT2VfbHlLdXlndTVvZzVBeGNQZVZtVTFHMk8wUWNFNU5IbllhTVdaWExRbVg3akQxcmdKcmIyZXNyMTZJNE5QdlJiSjROUTFKNkU1SS1DRFdOSTJweHdBWDRPSS1jdE1FMDBLQVllV0FReG92X0dDeDFSWjZLZjB4ZGc?oc=5,Mid-day,"Thu, 11 Jun 2026 07:35:00 GMT",2026-06-13T00:58:03.960248,cyber_fraud,True,False,candidate,,unknown,none,failed
cyber fraud Maharashtra,Maharashtra Cyber Cell Registers Case Against Pranit More and Himanshu Jangra - The CSR Journal,https://news.google.com/rss/articles/CBMioAFBVV95cUxNX2RyNW5UYl9OVlBQQkMtX0M5bS1XTVE0Q2d4ZmF2d0MydUJYNzNWVGlYdzhoUUtTa2pib002bTJWOTFvRkNXc0lFcW1ZbXZ6cXVDcC1HTzJQSXVXYmFHR1pDZ2M2X0d0a3JzMjg4dlBoWGRzcGo5X0o2T20waExCY2IxNVdoU2w1RTVyUTBjM1N6SHhtbFAyUDJpMjhaS2NZ?oc=5,The CSR Journal,"Thu, 11 Jun 2026 22:06:07 GMT",2026-06-13T00:58:03.960258,cyber_fraud,True,False,candidate,,unknown,none,failed
cyber fraud Maharashtra,Maharashtra Cyber book Gujarat man for creating fake celebrity promotion website - Mid-day,https://news.google.com/rss/articles/CBMiiAJBVV95cUxPZThhNWdFN1BKLUZmX0JpM0pmSFRxSlBhSlUtU0lSWk5iS08zR21XdmNTQXZCVzRxUGRscTF4bWtnRWZ4YWZoMjk3TS1oVEV2NkdTemlkWVdwejYxd001YW9UQkZTMVh5TklTNXRrSnlnOHZrT0t5aUZPRmZyTXllUTZwSHVTY0JRcnd5bUZLc21qQVZUcVZLMkl2NlFIWV9fR1hoUDdpeWt5eDd2eHI2aVdldVpQa0ctd0hIaG5LTmY5ZXJ1VWJYN1lZWmdleHI3aEtqRzNrZExIcGtsU2Z2YlpRSHpDTlU4SGw2ejVuQWphS1JKQzZtU0hUakd6dnU2UDRlNlhORnXSAYgCQVVfeXFMT2U4YTVnRTdQSi1GZl9CaTNKZkhUcUpQYUpVLVNJUlpOYktPM0dtV3ZjU0F2Qlc0cVBkbHExeG1rZ0VmeGFmaDI5N00taFRFdjZHU3ppZFlXcHo2MXdNNWFvVEJGUzFYeU5JUzV0a0p5Zzh2a09LeWlGT0Zmck15ZVE2cEh1U2NCUXJ3eW1GS3NtakFWVHFWSzJJdjZRSFlfX0dYaFA3aXlreXg3dnhyNmlXZXVaUGtHLXdISGhuS05mOWVydVViWDdZWVpnZXhyN2hLakcza2RMSHBrbFNmdmJaUUh6Q05VOEhsNno1bkFqYUtSSkM2bVNIVGpHenZ1NlA0ZTZYTkZ1?oc=5,Mid-day,"Wed, 10 Jun 2026 14:05:00 GMT",2026-06-13T00:58:03.960265,cyber_fraud,True,False,candidate,,unknown,none,failed
cyber fraud Maharashtra,"Cyber fraud: Mumbai court acquits man, says mere bank credit of money doesn't prove guilt - Deccan Herald",https://news.google.com/rss/articles/CBMi2AFBVV95cUxNZWN2V19Mb29nbS1kZm1LMHNoSGVvMkp4X3h1TlFzbm44X0R3OUdmUTBEczFNVVhSZDVRb0laWnlxN3dvX3pBYXpJYTc4TUtYa3FveTFheE1kV0g5Y2VKOS1CeVFYN3BSMmVYUHNlTG1uQlhnSWNPdl9aaHdYY0VxUUdUTlJ3Q2lrcE9HOUo4ZUQ1VGIzczFscUUyaG5ZM01TcndiWm05MWxCZmZwRU1PSkFWdEpteVFzRHprMnlVdmw5aXpxRHlOTHp3UklGVGlnQkRfVmtUcXU?oc=5,Deccan Herald,"Mon, 25 May 2026 07:00:00 GMT",2026-06-13T00:58:03.960271,cyber_fraud,True,False,candidate,,unknown,none,failed
cyber fraud Maharashtra,Digital frauds now driven by organised cross-border crime networks: Maharashtra official - ANI News,https://news.google.com/rss/articles/CBMi1AFBVV95cUxOVXk2WHU2akFLZ1NsbDVJMjg1QmpSMTdIWjM1VE1VVXNIWEVJaGFYMlo2ZXZXWFd3SXNHR0x6U2pxUDVFaDJfV3VkbG1TRDNCQzhBUDVzVXFOQUFSMGY2NTR4dHkxNElpWlNGcUFBZ2p5SksxRFdFZUpzRTROSm1ONVd1blpLNlZjRURaUnZiOUZDQU42U2YtRDdoSG5VUFgwMUlpRXNDbkdLUEQ3Z3UzUThZbXpFakpQeGNCQU1KS0pxQ1dvRXFSSjZ0ZHhJRE1wOXFvTw?oc=5,ANI News,"Thu, 04 Jun 2026 07:00:00 GMT",2026-06-13T00:58:03.960277,cyber_fraud,True,False,candidate,,unknown,none,failed
cyber fraud Maharashtra,1.27 Crore Fraud: Another Arrest Made as Cyber Crime Branch Nabs Accused from Maharashtra - The420.in,https://news.google.com/rss/articles/CBMigAFBVV95cUxQMVhzcXQtRG80Z0lDYUdSLThwbWQ4YTk5ejMyX05LbWtVOGNJelhUdmZmVEFyY3BQVldlaUc4NHhvZHNpMTlxSGlORkk5dmJDNmpKR0RuYV9pZUlTdHJBZDNJWjVhaFppaUItYlJpXzZaaTVQbjhMYk5wbEQyUjdwNQ?oc=5,The420.in,"Fri, 22 May 2026 07:00:00 GMT",2026-06-13T00:58:03.960280,cyber_fraud,True,False,candidate,,unknown,none,failed
cyber fraud Maharashtra,"Fake trading apps drive 70% of online frauds; Maharashtra, UP, Rajasthan emerge as mule accounts hubs - The New Indian Express",https://news.google.com/rss/articles/CBMi4gFBVV95cUxNZXJtS09vVVhDZzU1aGdydnhkOTFXQWVRQ05sTmRkWlRMNDBsQzNoVHE2MUVJSDBfTmxQLWMxd1FWLVlOUm5RSG5ELWpmSmxCRFVZQjM4RklaUHA1REZpajJSOHJjd0NuTlpCOFFDWGsxUTV5YXpabmJHZXZkVGlPS002alR4U2hXYjRPY0pibXg2SXhRdHhSakQweU80VzQzaXZBSGcyNjh5MW9yU1E4a3VsWmdfQXo4dlpka09YNEFYMFdsYUU4OW5UdWZ3bVRFLUpKOW1BcDJUc2lXb2NoSTZn0gHvAUFVX3lxTE5oM1FPVFBaS1pNLS1iZWw2V3F6ZXRnckJFT1FDNjU3X213MU83UmRlNWp6c3FMejBGYkRfTEkxMUVDSkJaRTF1Q2FRangyeDNSTjlqdmJDbzQycVpjNXVtR1JXeUh5YThJcmNUZy1rTl9LWVJ4RW9qcjF2WGZIYWFUNVpPT05rb3VieUM0T1Z3U0tKWEc3a0pqZmlLYUx2M1E2c29JX1dtLUdtd1VDUjJWcVZITVkwS2NDTDdWSXh1bm5tb0g1NHh0enp1ZmZEZU1jZWd4Z2NjLXk1WWdFbTBlSmt0b04taVFwMElEaUUw?oc=5,The New Indian Express,"Tue, 03 Mar 2026 08:00:00 GMT",2026-06-13T00:58:03.960301,cyber_fraud,True,False,candidate,,unknown,none,failed
cyber fraud Maharashtra,"Five arrested from Gujarat, Maharashtra in Rs 930-crore cyber crime case spanning 25 states - The Indian Express",https://news.google.com/rss/articles/CBMirgFBVV95cUxOdnZMV2JwX1ROTE53a1NlX2dScmpBaE50dDFnUWdzcEVKdzRDR1RsMGdrUjFkOHBqVG5QR3VzRVd0bF9QOVFWNWtWczBsNlU5SFlfd1RWSzhjMGxNdVV2Zl85ajl2VWVHb0M4bUdBOWRpQklTa0xmdmx4eHJrQzM2cHJVR3djX1hlRzV6SVUteDhDeXo4RldRYkZ1M1JmTzNZN0toTGEzZmJJQ0x2LVHSAbQBQVVfeXFMT1JrRWV3WEdXTGc1WW1qckNvNEIyRURKTEd0UzdHdFJETl9lQThFNGdaT1piSFZ3cWFxbkZuU1dCd2tIMzlvOWJZVUhjeEZsOWl2eTRZaWIzYUtpT2pJbFNpT0FaLUI3OE1ZeGVRTHh1YlJLcFJVMFJSQTRFeS04aGYyZkFnU3U1RC1fbEowVVdQY0VqdmNSZjZ1QlVlYVQyclo1anVLZ09nc09nMHprb3gzWXRG?oc=5,The Indian Express,"Thu, 05 Feb 2026 08:00:00 GMT",2026-06-13T00:58:03.960322,cyber_fraud,True,False,candidate,,unknown,none,failed
cyber fraud Maharashtra,Thane man duped of Rs 28 lakh in ‘digital arrest’ scam - Mid-day,https://news.google.com/rss/articles/CBMiwwFBVV95cUxOQ0ZUZE9WNVR1TmNHVExWU2J2T1JaRW9zeWhRbTdqdnNwNzFBV2doU25BalRFY1FZLTU0c1M4a0VFeFdhTElGVE8ySkE1WnBLMm5RdWhNWWpsckF1dlJJZnZER3RaX1BaZkxWek41aEtFM2Jhbl9yb1hHVHdfby1SaWNHT1VNOXN5TW94MWI5a0t4TUxuU3ZpalhobWpScF9ibU5SeVh2UHhVUE1uWlJOMkI2TmZ2aTY2VWhVZjl0OVk3dXfSAcgBQVVfeXFMT2haQ1c5eUlOeDUwNm1MRGJZOGphZmhWTmpkWlVzVHFpNXgzM05wWlN6V2M1aWM1ejRZRko0ZVlXM3puXzRmT21LVEFfTTFpRmR2ZUwyMVd4YWFNbDdqSnRCWGVpWVlTMDZ5cUkxUnd5cWU3c3FXeExiMER6ZW1iMVh3WGlkdzNTWHBqV0x1a3ZUNGJTUU54Z2tpXzQtb2pxZUZxaElRWEs5dDZESUhVekVDS1ZtNGd5dHpHMEdFZUN5bDBqeHJ1SEQ?oc=5,Mid-day,"Fri, 10 Apr 2026 07:00:00 GMT",2026-06-13T00:58:03.960328,cyber_fraud,True,False,candidate,,unknown,none,failed
cyber fraud Maharashtra,"Maharashtra, UP Among Top States for Mule Account Cyber Fraud - The News Mill",https://news.google.com/rss/articles/CBMiqAFBVV95cUxQTFpKY3R4SVVxYzNUMUZISHBnX093T1RiZDhrNkJPcWNhNTZLZzhkXzh1NFEwVEFVZmRmU3UySUJ1OGVTcjRIRFNhVm5fRlh0R1h2YWh0eVdQVGNJb3JIU1RJMXhMTzFnb0JqN2FZci0xYlVnRlYzaXBKbWtXbk1XdUFYOXdER0VGZnpnNG52WkY1YWxZV3RpaHZ4R3ljblUtMUwtbzBOdjI?oc=5,The News Mill,"Tue, 03 Mar 2026 08:00:00 GMT",2026-06-13T00:58:03.960330,cyber_fraud,True,False,candidate,,unknown,none,failed
cyber fraud Maharashtra,"Fake Trading Apps Drive 70% of Online Frauds; Maharashtra, UP, Rajasthan Emerge as Mule Account Hubs - The420.in",https://news.google.com/rss/articles/CBMid0FVX3lxTE1DTFVQVkVFYV94dFFXaFNuMC1LbU93YmlSSDdlaHFwZkZneUJSSzc4ZGwwNEVnakI0bFdWUXhYVnpNMndpQTVlUGdpaUlia01iWkI1WTIzVkxlZE1CLVJTRkNkRXlYaHNvRzh3NlZmVmlpblN5Tm5n?oc=5,The420.in,"Tue, 03 Mar 2026 08:00:00 GMT",2026-06-13T00:58:03.960338,cyber_fraud,True,False,candidate,,unknown,none,failed
cyber fraud Maharashtra,57-year-old auto-rickshaw driver from Maharashtra loses Rs 1 lakh to fake Mahanagar Gas officials - The Times of India,https://news.google.com/rss/articles/CBMigAJBVV95cUxPa09hRlFfR3dSd1N1XzdyWkJreVZYcGNkLU1QMnJjS25sM2ZpdGdsYmxZV1ZpZktwVkF4UUJ1ZERwUEV4cTBKQjZFUHY5VmVEamRhb283WXIxTV9BYXZMTzVlc0pZa2RsYTdmNGhjUkhCcGZ0YlhvVE9YeGxHQTQ2N1dha004aHRqamVkMS1oYnZaOG9QZXlFdy1WU3A2MDNnMDl2R2cxcDZvYUdMZ3ZLZ1l6MGROSGFIUUlGbGdOdXhRSWRJQTQ0VXoxMlVMZEwyLVAxTzJ2NUh1TTNpNmdzSkFfX3h2TXlDdTRJZVRmX3pGNG1VQVVGZE5mUDBONHRC0gGGAkFVX3lxTE1MTTJYQ1c2UVRocEYtWUp1cnFBWS1ZcmVDYmU2NXpyMVFtZE1EQkJ3dUc4N1BSelJoaGtsQTZKTFBPcFc5ZS1EbzQtcVEyOVVzOVJRaF9GNFNmaGRjeHZjNHh0a0FWNU9pTVVGRl9meERjSVhxMU01TE5sQW5qN1kwMUZneGV4Vkw0NjhWbkFJNDRONWdQdHNnSEF5MlEyX093TFZfcmRrZjJ1MzVQbGRkQnNiR3Z0ajNQWkctaU5IQWM4QkwyR3F0Rzh5alhSN2RFTC1XYzhINGROYVpsdDZ6ZHVkVUc4RnJBOVo1emVyclhoQzhWeWlNdkpTMjRNcnVjUG51SVE?oc=5,The Times of India,"Thu, 19 Mar 2026 07:00:00 GMT",2026-06-13T00:58:03.960348,cyber_fraud,True,False,candidate,,unknown,none,failed
cyber fraud Maharashtra,"Maharashtra, UP among 10 high risk states leading in mule account cases as cybercrime networks expand nationwide - ANI News",https://news.google.com/rss/articles/CBMihgJBVV95cUxPT2Z0dXdDN3d5V016N3FVclNfUXJ2QnBxZWRteTctODV3SGFia2VWYlNpWkZGUkxNeURyMURyX21mN1gzYVVqQ2o1cVNfckN3OWRQbnkwQVJZOFRETkI5RHdpTm5FMmxjX2tOM0tpaDFCN1lvU0lmYmpTUkNvV1B1Yy1ncVAzRmF2T2lZNWtGRHh4b05HQlBlWUVaR3JpUlMxbWdxczVVR0VkZW9GNVNHUGpRU2VIeUE4bnVJc0U0QS1oSXU2ZldVby14ODRYbFoxYlkwRnlqREl1MUd2TkFjVkVsV3VxYkxsRFVWM3Q1NHJSWUhmQWJwSU9ZcDN3bTdfR1UtY2N3?oc=5,ANI News,"Tue, 03 Mar 2026 08:00:00 GMT",2026-06-13T00:58:03.960353,cyber_fraud,True,False,candidate,,unknown,none,failed
cyber fraud Maharashtra,Nashik Cyber Police Probe Fraud Using Fake Money Laundering Case - The420.in,https://news.google.com/rss/articles/CBMihwFBVV95cUxNWWFxejkwWkk5eG81dUxyVGI3TWhaT2MxRkNnaXhVZEM2dHNXaHVJNXVUVmd2dnhXUU5LT0gzSW05cktzWFNfNjlHalZqd2U4UThhblNkR2Z3UGs3OVVMa2RRbWZjeWZXUFVoeVp2MW5tSUlMSDZUdm1tUzZPUTl6c1U1WndKbkU?oc=5,The420.in,"Fri, 06 Mar 2026 08:00:00 GMT",2026-06-13T00:58:03.960358,cyber_fraud,True,False,candidate,,unknown,none,failed
cyber fraud Maharashtra,Myanmar rescue: Agents who posed as victims nailed - Mumbai Mirror,https://news.google.com/rss/articles/CBMiuwFBVV95cUxORmxHcWxxMWl5Wk9XWUxxaUR2azd2OTk1Qjk3ZnZRTWNmTE50dTlFejd4UlBUaVQtMlBnWTEzVEg1SFJ1V3RmN0FWRUd5d0xhVkg1R0w1NE1VTk9WRVQzVFphcDRzN1A0TGRnXzRNNnEtOUo2S3diRV9TbXpZcGw0THl3M1FqS1RGYXpveERvajE0UGo2NVNPazBrWGJiRGVGaWtPbDltWk1Gck9CWWgwT1pWOGJveXFKdFow0gHAAUFVX3lxTE1Fa2VLWUF0YnVWQXhaMHhfTTlFR3RZTWdKcXJGX0E3M055STRQdzZlX0FGUVRaUFF3WThkcHA1MHRNZkNVRDZNYW1MemczaW1GMFNNejFJVjh4UlNEX1prWDE3RWJDMkdSRGRSWHIxZ2dpZWoxZDIxN3FmS0tfQXR3MzJGemZScjRfdEVBSHVCZzhWUEhYWWt0OU0yTjNQdFE3R0NNUkVsUU1zdmV6Vk85akNBcUYwb3FXQ2UwNW45Mg?oc=5,Mumbai Mirror,"Thu, 19 Mar 2026 07:00:00 GMT",2026-06-13T00:58:03.960360,cyber_fraud,True,False,candidate,,unknown,none,failed
cyber fraud Maharashtra,Man from Maharashtra’s Ratnagiri detained in online fraud case turns out to be cyber slavery victim - The Times of India,https://news.google.com/rss/articles/CBMi_wFBVV95cUxOSlpDdWp5SzA3d1Y2cEdYYWtFYnloeDl5NHZ5a3dndlI5dmZMUVVRb1hqWmZzdmxIa0NydEgtN3ZQeC1hUUVWTWFyT2Z4cTBzTnNnWTBycnBhQk9VUi1IOFFxMUtldDlQMElpSmtxbDAxYmQwMDE0YnFkb2FncWtUZE55MTFQcjExVmxCWjBVZ1FJd0lzV2lUM0hSa3Z3LW1JWlZuY21FSmVFbmlvNmo0ZFhmdjVqdFA0ZW9ibXZzNlVJbFBRX1RFQzhrV0dwbG9jVXphVVdLTTFKX3ZEMU5SYU1SZ09iVkJvTjZfaUcyckdCd2h2VzZpUlcxWUo5b1XSAYQCQVVfeXFMTVhDRmNuYlprWC1XSVQ2Mm1fZURXUlRNZ3gxZkNPbnpoNkhtZ3hCSjRnQy1EWjlGSUN2TGJlU1I0enFmV3JjS0ZmcWxjY3QzeDJkNDRsTkZqVklFY0tmREc5NjlidFMxdzhSejY1Y01TUktxaV82QlFGcU1iVkp2NC1RSkVDUy02RU1JeUdYazFTM3FDVkY4T0Vmei16TkdtVGlJQ3JoN2NkY2FvSkI0OFFrQ2ptcU14SVMzb043M1Z0V3JCSHdQOVFsZ3JFSXB1UFBfTlNzeHB2NmxuakdiT0JJa0tEREF0dWhiTXhQbU43cVc0RVp2SU5Yck5TZXRmNTdoOHA?oc=5,The Times of India,"Sat, 10 Jan 2026 08:00:00 GMT",2026-06-13T00:58:03.960370,cyber_fraud,True,False,candidate,,unknown,none,failed
cyber fraud Maharashtra,Navi Mumbai police bust cyber fraud racket: Six-held - Newsband,https://news.google.com/rss/articles/CBMilAFBVV95cUxOcDZ6SmNLdWEyNVhPajJwN2FtNFVwbmhBWktOdGFwV0RlYWtvQUpvZ3BSWWhpc2V2eXVJU1hGQ0tpQ195SHBWMmtrUl92T0FQa3UtVmhtWHB2MVNIR0tFam1nS0ZxWmhyM3VvcnVsTHdrWWd2dWFNOGNpeHFvcTdqR0NicDNBeDZuRzJySm0tQTBuODd1?oc=5,Newsband,"Sat, 28 Feb 2026 08:00:00 GMT",2026-06-13T00:58:03.960377,cyber_fraud,True,False,candidate,,unknown,none,failed
cyber fraud Maharashtra,Maharashtra man held in Bhubaneswar for cyber fraud - orissapost.com,https://news.google.com/rss/articles/CBMifEFVX3lxTE1nWnV3X3VIdUp0TGhhSmRESkNYSUNUQU9uZ1BwbjB3elMtem1JdU1Ycm9YLXllM09FQ0lmZ2xWRDF1QzlUd0ZONThIT3ZydmFTUW9mZkRMSERSTi1QNUN6Sm5peFdjZ1d0SmZrTmpmSFVHMUZaTnZCa3habGLSAXxBVV95cUxNZ1p1d191SHVKdExoYUpkREpDWElDVEFPbmdQcG4wd3pTLXptSXVNWHJvWC15ZTNPRUNJZmdsVkQxdUM5VHdGTjU4SE92cnZhU1FvZmZETEhEUk4tUDVDekpuaXhXY2dXdEpma05qZkhVRzFGWk52Qmt4Wmxi?oc=5,orissapost.com,"Sun, 22 Feb 2026 08:00:00 GMT",2026-06-13T00:58:03.960379,cyber_fraud,True,False,candidate,,unknown,none,failed
cyber fraud Maharashtra,"Lured on social media, taken to Mumbai-Pune, blackmailed with videos: Maharashtra SIT arrests 4 in Amravati minor girls’ abuse case - The Statesman",https://news.google.com/rss/articles/CBMiuAFBVV95cUxOMDlpQ3EzUEdjb1RpUF9lNVhCM1RGTFNvNC1PLUtzdXNVTHEzZS00cUpXZW9KRjFrUjIxSzVaRjJBSVVmV2VtX3NIb3ZGeTFxa1VvRndNOHd6SkQ5MndFNU4yUUN4Z1o3bEdpN3FUV01SbHVrNll1c3ZwdnpmZXNTaHlFSlM3ZndQVk5ienh2UE5BSjFabDg5YUVldFFEcmRGWm15T1RnQlZMNGtGRWl0X3FzQXVITEFa0gG-AUFVX3lxTE1Ub21EUEZTWnNUNXJSOVV3bVVsaXZUTlIzRzVjODR5X3FIb2xoSDFiaURnVWliX2NSTlNNRzF5VEJaa2FGalVaZ3FZTFctYnBBQ3JXa0U3WTZCeElwR29aa3JRYWNORGlHRkpnV3NPaDd3YjFoZVpkekxWU1BZNVJkOEwtYVJkaF9mVHBmR2ZYMzMxLVIzRExEcG1UdnRTZVN6SU1fdFRwREIyTGhxOEFubWNITjFJbjkwb2VheEE?oc=5,The Statesman,"Thu, 16 Apr 2026 07:00:00 GMT",2026-06-13T00:58:03.960382,cyber_fraud,True,False,candidate,,unknown,none,failed
cyber fraud Maharashtra,"₹10.98-cr cyber fraud case leads cops to a larger network, 7 held from 5 states | Mumbai news - Hindustan Times",https://news.google.com/rss/articles/CBMi3wFBVV95cUxNUTlQZWcycDhxNkk3VldBeTlmb1RRc1h2VzRUNmo5NWdtVFpkbV96MnBaOGdRN1RRRFVJY1hqYXgzQ2FEejQ5aHFMX1ZIYkZ6NWtHVkVKUy1nMFlXUVpDcmYyMktfNGp3ZzdpTnItek5fblNuTWo5VkswSll0UVEzU0tMNDlmOTZQN3ZnQlBjZGZVLVRPTTZ6TnQ4WXoySk9sZmVTMHJhclRfOENMNmJicWM1dS0xX2tOSkNWRWcxYV9BTlh2WWQtdGtEa0laX1BQczFwT0t6VFZ2endZMU5N0gHkAUFVX3lxTE13RE8wTlh1d013WXpSUTNpajJJSF9tUG9sLXpPWW5KdVNKOVBVNFpsX2N5azdxSlhoM0JydTl0Z1VpeEdaSjZyNHhycVNCRG9RZnMwbHJ4czBJRkpheWVzcjJMNTVrS01rVFhqNFlXTFFtODVROGo2VF9PLTN5bHlLdXEzYTVkOXhZRzVBTURONHNkZ0N5SUVyMVJJUWxvQXdheFljbWQyc2lxeGxsOU1BdUpJazIzSVA4bF9DYzBUUGFMSFd0dVlXOHpZSmVXM3VmMVpodzEwYXloOWZDQ056Q1VnUw?oc=5,Hindustan Times,"Wed, 04 Feb 2026 08:00:00 GMT",2026-06-13T00:58:03.960392,cyber_fraud,True,False,candidate,,unknown,none,failed
cyber fraud Maharashtra,₹11.13 Crore Share Market Fraud Uncovered in Pune; Eight Arrested - The420.in,https://news.google.com/rss/articles/CBMibkFVX3lxTE1CSTAyeGJ2QkxPT2JqNVVBQmt6V0U4VVZOc1BvQXpMRWR6dWR0clpaazFtOE8wS0dQS2NnMFlmQVBLam4wVEMtTGNhUVZyVkNjbU1xNHh2WkdVSDRhbVBiRmdhN0ZlQUN0cU9ZZzh3?oc=5,The420.in,"Sat, 07 Mar 2026 08:00:00 GMT",2026-06-13T00:58:03.960399,cyber_fraud,True,False,candidate,,unknown,none,failed
cyber fraud Maharashtra,SIM-card cyber fraud racket under CBI scanner | Mumbai news - Hindustan Times,https://news.google.com/rss/articles/CBMitgFBVV95cUxPaDRiSHhaMWZDNlU3RnVZNzZkVHU0anpkcW50YzhkTmZtd1JGdG1nSHR1UF9BOEZzSHYtR3hxWmxKQ3Rib2YtWUM3YXBMVEwzbUJRb1NNSmZPWlN5UENKSTV6cEQtcGYtTlhfdkNKZVc4OFJHM0xLa0w5MkxGejdJTElhXzhkSU5LSmJjbHBpWkdiM0UwLXZIcEZGbmVUTU51UmZLWXdyRWwyaGpUR2drQmRHdS1QZ9IBuwFBVV95cUxQNDFpc3lSanROb2FEMHRsVzRTVkowd2t6Rl9pRW5tOTdoY2d2dHE3VHFJSGhSanNCdlZWTlRFNy1KWWFhbTdJZHBtZ3hCU0JYWFNFSm9qb2VvcWZoRXlpQzRYMDVPcE9CTUNKamV5VnVJcldQWTdFN0JZWmpDbUV2cnZUWmw0S2tFRlZRRUR0RHF2eGlKam9RUW9WbGN2RHJKdldGSWNobUhmOFVERnlDeGdkcFpXQjVmdWFZ?oc=5,Hindustan Times,"Wed, 01 Apr 2026 07:00:00 GMT",2026-06-13T00:58:03.960400,cyber_fraud,True,False,candidate,,unknown,none,failed
cyber fraud Maharashtra,"Maharashtra Budget Session 2026: State registered 2,163 investment-related cybercrimes, arrested 455 people, says CM Fadnavis - Mid-day",https://news.google.com/rss/articles/CBMiggJBVV95cUxON2d2T0cyVUx6bFZJZUwwZ01ia0Z6NzBYZjFrbWZaempjRUQxRS1EOVoySWRnTl9uU0pQb2Z3TktUNEpEdzV6TjVJWEhTMy1sNWZfbkJLSVhPNHNDNWh1d205VnlOQkFaQlpyVE44Mm9VVGkxcVhqV3AwQ2J1THhZeEprTDBRYmo4NTV1VUpaRnRwVnJZT1lHQnBkaGdWT0t4RVlWakZOdGEzeExBc0s1SDJrU1lXTXdaTGVkY3BlLWEyLVBhbjFBbXZaWExqc2dWYTdGMXRsRnlvXzduQmJFZDVVZjdld1RrV3p2Y1kyQ0VqTU9QQ2NIZ2JyOURReW5PcWfSAYcCQVVfeXFMTXlKN3BMeENTMXdiWXB0WlpRa1lVSDd2dEtjbXNWbjV5emFJdGRPVHNqcXJ1cDhxeU4ySWIzdDdMOEM5ek1vQ2xqSXA1dFRYaVFodWgxcnMzSkdQOHk3X1JqLU5ZZ2dDdERhc1I5dlQtMC1GZ3R2WWhDMGVSTDBvb3ExZEpZajFtclpjMk4wZnhtOHF3bnlhSVRMZUtOT2Zid1UxaFBicDN6Wi02QlExWEV2cWNVYkdGVlFseV9zVG8zQXRhV2ZGUS1sdjRDZHlHOTFfR1JlR29Wd2EwOWZkWDExb1dyT2R6dThJVEczUGpPYnByOG1PR0d3X250cUhyeU5GeTFhaVk?oc=5,Mid-day,"Tue, 17 Mar 2026 07:00:00 GMT",2026-06-13T00:58:03.960407,cyber_fraud,True,False,candidate,,unknown,none,failed
cyber fraud Maharashtra,Maharashtra cyber cell takes quick action in harassment case linked to Akshay Kumar's daughter - Indulgexpress,https://news.google.com/rss/articles/CBMi7AFBVV95cUxOalR5UURwcU9IazNEUktOVWNPWUtCMHA1cHpGV0UwNnlRUlNnUDBpdVIxeEhJV1RCc1FyU0pEOElJWktQdHRfbktUaGpmSG11S2NGY0tqSUpKbUFESEs3RmRnejdUbXN4RmtZZkQ1VFUxYmpzX3hOMERDTk5iZ2dEZDFzclFUWm1waW51VXNKT3d1WjdKQzZNZ1NZNnVfWk1tczlGUzhjbkVZZzRfcFVfajVDWkdkdnh5b1NqcmctVjRIQTJFUWhUSnczRmJlZnZPNHNYd3NUdWQxWi0zOGlpY1dNUnBGTU9xMjh3MdIB-gFBVV95cUxOV3U4RDlsczFyT2dHQVNLamdZcTdhRU9JX1FBTEU0NVM4UGVTemZqeFVmRTVZS0dMV05yYWJ6ajM4NmdZd3JRN3V1eFZKa2tNSF9KX3NUbFAwbHJ0QkF3VXlsdWZjenRYR0dmTVFSc2M3VHhkTHh2TGhYeklSVlBoVlJsa0x1V2h0dFF6dDZuRkhJbGZuTHd1dTdEQTdDX1lha3pVUmlGTFU0WHlyc2hXVkpWb2ZJanFQeXlSc01PQVFKdC1lQ0tHd04zZU9hd0pYUGR1Y0pJWjZQWUJsRmVpdFowQmI5MEg0anBVLVgwdEZSQU1lUkh5SlBR?oc=5,Indulgexpress,"Sat, 25 Apr 2026 07:00:00 GMT",2026-06-13T00:58:03.960409,cyber_fraud,True,False,candidate,,unknown,none,failed
cyber fraud Maharashtra,"Mumbai Police South Region Cyber Cell Busts ₹42 Crore Share Market Fraud, 7 Arrested Across Multiple States - Hello Mumbai News",https://news.google.com/rss/articles/CBMi7AFBVV95cUxPZnZ3NDVHdTluRExPSWdRY1ViSEFvZWhFYlJLNzhFUy1ZMEpJV29USVJ4RGJIQzd3MkZjeG8xU3pNOXRUNnQzeC1Id2NrSnBfWDBBcHlNbDdPbThGMG5ZYjZEUzBvd2ZsUUR3UnZkaFgwdkE1MXYtMzFERjVyNVZFNkhJQXVicEJ1d3lpNFV6OVU3S0doNG1rZHlPNFdoTVEwVzVkai10RUlMY3RINVZOWXlrRTJ2bGZITjRXVjVULTlwV2d4WUxiUTJZVU5xTG5lYldMSXJJazBleFNDQ3N2UWJpZE5Nc3hYdHVvYQ?oc=5,Hello Mumbai News,"Sat, 07 Feb 2026 08:00:00 GMT",2026-06-13T00:58:03.960411,cyber_fraud,True,False,candidate,,unknown,none,failed
cyber fraud Maharashtra,Mumbai: Police recover Rs 2 crore in Rs 58 crore ‘digital arrest’ cyber fraud case - Mid-day,https://news.google.com/rss/articles/CBMi3gFBVV95cUxQNzZDaUI3dWxDVFlicHl3b3RMWDlBWUc2eTRjQ3c0QnNJaWplSkFMckt4anJMcUE0NVE4Vm5JdHNCdUNYQ09qSTNNRUt0cGpiZ3N0V0l2MnRtOHJvRFVuYkJvNUVha2duT0NXZWYtRE96Q3lZMGswLTJtVVlFNy1idERVM1NsVWNPVDZlVUdVU01aVWxxa2R5cXEzZjZkUGZURmFIQlktQ181R0toa045dGJibkJzSGk3cDZneDVQSHpyUU01czhVWncwekRZaVBhSFY0dDJfTW5KS2lSd2fSAeMBQVVfeXFMUFpqOEhiV3k1VkpmMGpVNHR4MEVLNEl4OFM0QTFsNnZrb2NVT1BaODJJQmpPMUpGT1VzellucUlqeWdReUU5QWYwV0UtTjRMYnJfNHVQTWNPaTVMM0ZQNXdNczlOVmkwUHBtUVV3WEZDeGJrMEJ3N0txTlA0QkNGN0F5SEF3a08tQ0ZOa1BNNkZKYmJodTE4Y3N2UGVmVmgzRXh1dFBuSTNuaFl1Mm54bkI2WGtTRHp4RnNaNE1qOHpncnFGUU80SlhWWXdicU4tVGRUbDVqaXA4ZzIxNlRTV1VLaFU?oc=5,Mid-day,"Mon, 19 Jan 2026 08:00:00 GMT",2026-06-13T00:58:03.960417,cyber_fraud,True,False,candidate,,unknown,none,failed
cyber fraud Maharashtra,Three Arrested in Maharashtra for Rs 23 Lakh Digital Arrest Fraud - The CSR Journal,https://news.google.com/rss/articles/CBMijAFBVV95cUxNLTRKM2tVUlYwRXpFRDJJcG1OV1EwSDNSUXR2bUhoamRtVkViOXREM1Z6YlQ4OVMxSmt3bGN6WHNPVVNMRWlPdFVOcWcyOTJQNTg5Qmg0VlQ3c0tudmF0U3RpSHo0THpldzNfeGlrMmVPeVZ3N29jdkRxbnU4VE5aQzFNX1QtQ2RzWGVxag?oc=5,The CSR Journal,"Sat, 04 Apr 2026 07:00:00 GMT",2026-06-13T00:58:03.960422,cyber_fraud,True,False,candidate,,unknown,none,failed
cyber fraud Maharashtra,"Maharashtra, UP, and Delhi emerge as India's top malware hotspots in 2025 - ETCISO.in",https://news.google.com/rss/articles/CBMi2gFBVV95cUxOZTRzRDVnZ0p4UHl4SUZVZlgyLXBJMFdHWXdwTU05MmVpNllxZGRjRlJNamtUd00tbEdHRnBGUWN6UkotWmdMcEJ6UW42aHh0V3g2MndHMGl5S2lXd1dwWTVEcElfaUZWQmlLWGMwVzRzbDFwMS1PTUZ3M2pOR24zX1VBb0IxZHVJa1VQdkZ1NEJ6WG1fYVJObm9jTksxMnd5NzF5NmhaSFRlaXptMkVGRDJOWlAxSnZhNTc1anFKZ2pGclZKLTFHcFhuRHpiRXdoZWE3ZkxQZFlLUdIB3wFBVV95cUxOcWIySkxEMkdFYWZRaWdZSnA1S3FZQjFMT3pPVDBtR1lybEFHTjJMaDZwZm4wOUlSeFF5X3B4NUtUSUdoUnFoTXVHQW43Y0tKNU1pWlc2MnlwdkRqcFp4NmtTUm9PLTBvT2phQzdaSFF5RlFER0pYb2RscmFXaTVYU1hPZlROQlZDVmh2Um9UYmZMeTdsVGM5YnpDbnpYcm8xR1Qxb09KaFA1WU00VUpsejJrQVV1dllzQmRIVk05alh4WnN5UTFJTnNJc0poWGJKU25aSGM2RjJpdVFQZ2E4?oc=5,ETCISO.in,"Sat, 24 Jan 2026 08:00:00 GMT",2026-06-13T00:58:03.960427,cyber_fraud,True,False,candidate,,unknown,none,failed
cyber fraud Maharashtra,Mumbai ₹58 Cr Digital Arrest Mega-Scam: Cyber Dept Offers ₹5 Lakh Reward for Rajasthan Kingpin Devender Saini - The420.in,https://news.google.com/rss/articles/CBMid0FVX3lxTFBIZ3hTV0RnSEtMNHY1SzhzcEtGcXUyNkdraXdpUHdId0FBSW9kSWotck05a1N0aUE5bGwyTVoxQ2E5UVlsZzNqQWthWll6bkUtT3FHdkJHTTFYd2U0eFBTMzNRcmstZVg5b3MyMF9YQzBRdFJUOVAw?oc=5,The420.in,"Sun, 18 Jan 2026 08:00:00 GMT",2026-06-13T00:58:03.960434,cyber_fraud,True,False,candidate,,unknown,none,failed
cyber fraud Maharashtra,"Fraudsters posed as Mumbai Crime Branch officers, Senior citizen escapes after 8 days of digital arrest near Kolkata - The CSR Journal",https://news.google.com/rss/articles/CBMipAFBVV95cUxQbU4tZEhwcHFBTzlzTHU3RkUyc0FSZUREMERkLWdRdWNRT2FKVnZ1a0drNVM0YTRyd0R4eEx0cHNDVE53ZjdtRGJwTldlODNPNmx5eE5tcU5jeURxV2tnRWczbmJIbVhGd21Pa1ZvRXA4T24tcTFlTG1nNDFmaVJPei1MZEdKeG45RjRIc1dTTzM3Z3M4NWhtQmp4WDJVZS13aXNibw?oc=5,The CSR Journal,"Fri, 30 Jan 2026 08:00:00 GMT",2026-06-13T00:58:03.960436,cyber_fraud,True,False,candidate,,unknown,none,failed
cyber fraud Maharashtra,A race against time: Maharashtra police get an AI copilot to fight cybercrime - Microsoft Source,https://news.google.com/rss/articles/CBMiwwFBVV95cUxNTXFiLXppM1Z2X3lFNFBBd1RybmZUU05XcnhqNnh6UmZnS1dyMC1udkM4cUhOS2FTa3NSOHVuaVVqd1hWb3licmQyaEJpMXhzMG5NbEhfeE00dENhQ1JDak5qVi1nWVNpVE50b0NGUU92MHZBWkxXYWpTSmxUaVlCVURVWk5jd3ZFeEI5dmEzZm02YUd4UDROZVZaN2VucGJGNTNBLVp2Q21XS1Z1cFIxSmpZY1FoRl9Tcnh6Y2VNazY5RGc?oc=5,Microsoft Source,"Fri, 12 Dec 2025 08:00:00 GMT",2026-06-13T00:58:03.960439,cyber_fraud,True,False,candidate,,unknown,none,failed
cyber fraud Maharashtra,"400 Crore Cash Vanishes at Maharashtra–Karnataka Border, Manhunt Launched in Multi-State Probe - The420.in",https://news.google.com/rss/articles/CBMiYEFVX3lxTFBIWHl2bUgtSThNVEJBOXhkdnRtR2phTjcxWnMxdEpWWDdVYWxyVVYtTHlPcUVSVDFvU0Y1UmVYd2ppM3Z0ZC0yd090RnlQcmhnSnJkYmlzM1FUSm1hWlFUTw?oc=5,The420.in,"Mon, 26 Jan 2026 08:00:00 GMT",2026-06-13T00:58:03.960442,cyber_fraud,True,False,candidate,,unknown,none,failed
cyber fraud Maharashtra,Maharashtra Govt unveils Cyber Crime Security Corporation to combat online threats - News On AIR,https://news.google.com/rss/articles/CBMirAFBVV95cUxOeUVkODBYSE10eVNnaWdlWjRDZXZEbXFxbS1BOG5Pa3V5cDZpdHVzVnVKWFV1bURCZGNNeC1GTG5CcGJnTnl6MVBBYmFDbzNkX3FwTEZyY2VST2JHNUFvTnczQVJwRzRmdnlqdTU2OGI4V2Q0THNZZnptcU43cmtZdTZmZFVWOFJob0FoeHhjaTl5MkpQU1J4cWYyaE4wYkVvZkhzR1owdVRBUXBy?oc=5,News On AIR,"Wed, 02 Apr 2025 07:00:00 GMT",2026-06-13T00:58:03.960447,cyber_fraud,True,False,candidate,,unknown,none,failed
cyber fraud Maharashtra,Maharashtra Man Running Cyber Fraud Syndicate From Dubai Arrested After Thailand Deportation - Free Press Journal,https://news.google.com/rss/articles/CBMiyAFBVV95cUxOWkU2ZlAwRkJ5b09JOGpkTGx3cDVmX2N0LTNLVktNTFVuUlNhTkpoTnJhVG9YSjY0S0RJY0NENFZ0S2d5a21HN1NpWndTb1RnTklDZzBROEEwNTN2S29LcUFwU1NuQUZoYW5yd1dJcVNSLVh5cWQtWTlLVkp4Q1Nld0RhTF8yakhsdXB2LUpET3NjaF9Sc3NkU2hoSDBuUktweTlPdldxVXlQM05xdkNHckxGV1Y5TmR6MDBEeW1nSV96QnREOEFyc9IBzgFBVV95cUxNRHloSFZqeURvRGY4a1NVbFhjTHMtU0txUHg5Tml2TkJ3R3VtZXJ5RGpzMVRLVENPMUdSZFNBOWd1WVkyR0NpUE1nNkpSa295UTlRZ0k3OTNBM2dDU3VUWXQtTmx0anBHX1NXQ0hQNC1PREdsT2VxUFhzMWVTbDJjSUp3NVFTd3E4aDB4dHF3ZzlKNXl5bnNYXzBhME9yX09ndHYxUTVFTWdHb2xjbzM0WHFlS0V6T25Vd0hpMk8yN083SHZRelZZaFI2QnNkZw?oc=5,Free Press Journal,"Fri, 12 Jun 2026 15:27:08 GMT",2026-06-13T00:58:03.960450,cyber_fraud,True,False,candidate,,unknown,none,failed
cyber fraud Maharashtra,Pimpri-Chinchwad Police Arrest Sangli Man Accused Of Running International Cyber Fraud Syndicate From... - lokmattimes.com,https://news.google.com/rss/articles/CBMi8AFBVV95cUxPMnJBdHlzdm8xdDVkbHFXanJmR0tZcEFNa1N2UnhIbEdPZ1h4YXRHOUp6V2VLQlFYNHk2dlJURUxPZURvSUpFa2pfM0JRQjROM3I0em1aa0VVX2RVN3F5VVJkeEt2bUc3M205b2ptMXNEV0hzTlUxNVh4MnFBdElvT01CMWU1ZTBRaWdwU2t3ejZ3eTF5WjNWZGZmOVd3Z25DUlc0RkFWWGtVQUFUNnR1TEd1cTdMOVVMZm9Rd1pJblYzTWVGSWkzbTdqTXk2b3hKZHFWWHdzQmczMHQ1OThYVTdhdDY5LVB3My1FVVphZXfSAfABQVVfeXFMTzJyQXR5c3ZvMXQ1ZGxxV2pyZkdLWXBBTWtTdlJ4SGxHT2dYeGF0RzlKeldlS0JRWDR5NnZSVEVMT2VEb0lKRWtqXzNCUUI0TjNyNHptWmtFVV9kVTdxeVVSZHhLdm1HNzNtOW9qbTFzRFdIc05VMTVYeDJxQXRJb09NQjFlNWUwUWlncFNrd3o2d3kxeVozVmRmZjlXd2duQ1JXNEZBVlhrVUFBVDZ0dUxHdXE3TDlVTGZvUXdaSW5WM01lRklpM203ak15Nm94SmRxVlh3c0JnMzB0NTk4WFU3YXQ2OS1QdzMtRVVaYWV3?oc=5,lokmattimes.com,"Fri, 12 Jun 2026 17:12:13 GMT",2026-06-13T00:58:03.960452,cyber_fraud,True,False,candidate,,unknown,none,failed
cyber fraud Maharashtra,Maharashtra Cyber Fraud: 37-Year-Old Nagpur Businessman Duped Of Over ₹54 Lakh In Crypto Trading Scam After - Free Press Journal,https://news.google.com/rss/articles/CBMijAJBVV95cUxPX1dMZ1B4NHdfaFVQeVBVX0dVU2pvMGNOY3poRDNDal80b2dpLTBnMlhkYUZzV3RpbFRBRVMzek5pRVVFZVE2R25VeVZsWXJndDB5UnhHY2stM21VWmRIT2c2S0ZlcVlxZk1KYTBVMmRtSUZXUFRncmc0Z3FYMzEyVkY3VG82N3B3SVdmdml1REMza0p5Ulh0TjJST2JwTGwyV1BLc3BiRWFpYUNLUkFJNTY3VE9XazNHTXJ6WDNZb29menRnMTljeElXeENFaGhBNkozR3M4OURxWmpDcTdJbFdDY0xhRFRrcVBEZldWLXZjSGJ3V2RfNkZrTlJic043RzljeWNCV05JZWRX0gGSAkFVX3lxTE0tMldzbXo1UHNBOWJIbU14azZmVmw5LTRuS2d1cDkwUmpIcFhQZWUzd1RpN0tmNXI4dkdXM2dBWlpOaGhkWGVLM0IybXNiblNRcHVFQ3hTRDVpSlVxMzFFY2ZTX0hCXzJKcHQycFpTMWNRMGIzRUxpVEVmY3BGelpUOWRxMXJLMnRUSUtDTUY1SFlzYW54VnV1SF9VQWF0V0FsU3JyX1QtZ3ZfRHFpdnU3Y3hIa2VtNlp1cWdRZVpnSmkzd3RFTU9hSDc3bDdLb1AyUDVJQkprNFdIZlc0emZLRmRNUnBhdTNQdTFIRjhjdkN3WTMwY3dzcDBHaWIxZTVuR2cya1J6TE9KM3JQb09aSmc?oc=5,Free Press Journal,"Tue, 09 Jun 2026 19:58:16 GMT",2026-06-13T00:58:03.960454,cyber_fraud,True,False,candidate,,unknown,none,failed
cyber fraud Maharashtra,Maharashtra Cyber Fraud: 72-Year-Old Nagpur Woman Duped Of ₹90 Lakh After Digital Arrest Scammers Use Fake - Free Press Journal,https://news.google.com/rss/articles/CBMihwJBVV95cUxNWlZNMnFzanMwdU5OdUdwd0w4aFBNQ0JGSHBoTWdUQjVzcWsxQVF3N2Jzc2VhLVljX2s5WHhWbDdPcnFqQ2xvMGNMMzBQQjZubGFjcXVFbGZWRk1wc3NTX0VjOFFzMTlUZzFUVjJFSWZQSVFKU1VnY245Rnk0RDVsSzdud0hHaklRczNHYnVhSGdVQTZfVlVkNlV6UnAzTmpnenhBb2tsWTJWc1kxMkgtcGx3MnlvSUU2WVJmSkVjaDB3RTVrcW1kRWdGUUc4dFNmRnh5c2xENWFIT0FTN2Y4bFlEZHpYb0R3RUR1bk1UNm9TaXpJQTFLM1hhMFlMUjVRekF1Ty1fNNIBjAJBVV95cUxOSUd2d3l3dG8zWDU3dHdKRzA5X0VrcnY5d1NfemhPaml1OHFTUXpwOEN4aHlQTEhYV3NXMHQ3RjdxOEMxTnNOaThVU0lobmw4aUNCUXh4SFpWcVFzWjRLZEZPYzhrMm1iS0lBZFd5WmQ4blU5MDRzTTRMSklNYkVEUmZ0bDJGUXFiY1ZhMFh4VDRUbmhaMlh2ZWZEUkxWb3NGYW9SbGttbWtoUE9vMmtRZUo5WVJJaW5oQ0dvZGw0ODdtSFlWRV9XYW4xWW4zbEg1NnBoTC1SNkYzbkV1M3haNEdhZllaWGJTSThYX0ktS2tneldVVi13YVlHbXowWlVYYmF4allZUEg1WG0x?oc=5,Free Press Journal,"Thu, 04 Jun 2026 13:13:08 GMT",2026-06-13T00:58:03.960459,cyber_fraud,True,False,candidate,,unknown,none,failed
cyber fraud Maharashtra,Pune Cyber Fraud: Retired IT Professional Duped Of ₹4.43 Crore Via Fake Investment Schemes On WhatsApp & - Free Press Journal,https://news.google.com/rss/articles/CBMi3gFBVV95cUxNSXBBclp4X2ROZkh4U2ZtUlZTY29ESHNjUUJHQXp4YUNWQUxoNlh3c29NaDBJZlRvWDlWTklNRjhheWhhTlQtdG5rS2ZrLU1SQzFiS2t4bklhOGN4ZmllWHFwV05nakpmWjRGcU54VG1HRUFXSElmLXBWZmNmNTgxQ0UxTUhldnRZb05NZGdBWkhNeFFBNmYwNGxodVVfdUM3QlI2QVFjMzVUbWlHdjRyZXVwNkd0M1FIUkQ3Q0Y2MVI4M2l2d3lsUjZHbzVUS3VmY3puU2hTcm5uWEZKOXfSAeMBQVVfeXFMTjZFMjRKdWMxWl92S3A0UXVQTDBISXV0cHdNaXFvNzcxVzJyREdxN2FGQnRyeTZCcTFja0JQdzlzRk1weWJnSXl5bTNUZjN4cm50TUFPd1dNX21vV184a3NoVjNieUljU0h6Mkx3dlJTYkV0RUFIV2M5Z0xBWEtNeVM2MzVJc2x5QzBDR0NaSU9GQ2tTLXJpSVNrT0ZWbHpuVjhCM2xEaXJ1YXpfUkYwSXRwRGFka3JsWDlYQ1VRMUJEbHc4UHEza29mY2llYmV6NWNtd1ppSDh6aHhKdVRlb2dZMWc?oc=5,Free Press Journal,"Tue, 09 Jun 2026 12:58:38 GMT",2026-06-13T00:58:03.960461,cyber_fraud,True,False,candidate,,unknown,none,failed
cyber fraud Maharashtra,Maharashtra Cyber Fraud: Pahalgam Attack Link Used In Digital Arrest Scam; Nagpur Retiree Duped Of ₹21 Lakh - Free Press Journal,https://news.google.com/rss/articles/CBMi2wFBVV95cUxOYXJZN3JSRjFxdkdOdTV0T3dJS2pYd2RDS18yRTlISmJKemQ5Z0lZS1NtSExEUUtPN1Zsd1ZaRUxyLW5zeEsyVDh2anVlSnlOT1F3Yy1MUmNnYXFQVVZSVGdRaThURi1ocHl1R00xYTBIcmR0WktBYVBDUW1LX0RTc0JIZksxSDEtNzZLRkhySDJSYzg2djBidDhheGNJT244S0V2VVRYSjJrNDZqaFdaRGVsVFppbGxwM3NZbjJPVmlfZHdQTGJnOE5BMUdtT3I1VDQyUWgwUDF2cDjSAeABQVVfeXFMUENrZkVXLUhuZVU5aXdfSzNlcHZETGhJaWlPU0VuWndIX1ZwTHQwMzlNTkpuYzktRzRwMlFpVUNoOGVJWVIyc19tSUJuY2FZMmF2VlZHcGNnZVQ2cnkydURPcXlJTlNYRFlpdGxVOHFmYWxTTnBrUndkT0MwNWlwYk5IbWgxMUU3X1lZUHZaRWo2TjhlQ2p6VG0zdWp5X21FZEpFV1lLV2JWVmVYUVU4YU5uRmFOOXdkd2ttQ1JXTnV3YmlTc0NIZGRMRFRJUHNGa21hVnY2WWt6MVd3S1BmQ3Q?oc=5,Free Press Journal,"Tue, 02 Jun 2026 01:21:13 GMT",2026-06-13T00:58:03.960464,cyber_fraud,True,False,candidate,,unknown,none,failed
cyber fraud Maharashtra,"Mumbai Cyber Crime Surge: Cases Rise 38 Per Cent In First 4 Months Of 2026; Credit Card Frauds, Investment - Free Press Journal",https://news.google.com/rss/articles/CBMi7gFBVV95cUxOUzlqTzB5bU90Q3lfcDJOczhCMlJOdmlHdEM2V0U5ZlF6ZEx1WEdHV2FTbFJ1ZmhwUW5nVFktanFXQmNIb19zS3dJQ3NSeTc3UHVCVTFTYUpPU2tuQm52S1BvTG1QX3dEZ3FoV2ZCMFdjNWhwZTFndjU4Rm4tcURqSGZtbkJDUW9nOTlnTFU4OFZGaFVPdF9MbFcxeFk2clA3c0NkZ3FzYnhSbVExbnRmaTdwNmZLUlBJbjRTNXdhVDRkSVRtWF9zdDZjdDY5Ul8xaTBYcmxJV1FXQmtxUVFWSWE0Q3BwczBJV3FxcGZn0gHzAUFVX3lxTFBjanJkdUV4T2Q3UzViWllvUHFISHBvTXFKUk5uZFppV1Nka2lzcTVWa05HZFNjMXVaNU5PeFJDNGpLeC1KdG94VzZPTHRxVm9QUU0wY1dKbmkzbG9jT01mOUlZSUFsdFVXSDdjbkx0X1NoRTV0ejJSbEcwZm9lek1Td0h1bXgyUVVhSnNlbmJOdHJpMGRQeWtzcEpOWTV4SVFMQjR1bTdSdzJEdWdOY2xyXy1jNk5pLWRudWN0WFJnZk9xd3pGNG5DaWY3OVc0VjdWUXJvUEtjMnJpRl9LUVU2NnU5QXZvemZPZjc3N3E3ZUE5RQ?oc=5,Free Press Journal,"Tue, 02 Jun 2026 19:17:40 GMT",2026-06-13T00:58:03.960467,cyber_fraud,True,False,candidate,,unknown,none,failed
cyber fraud Maharashtra,Mumbai Cyber Crime: Retired Citizen Duped of ₹6.80 Crore in Massive Investment Fraud - lokmattimes.com,https://news.google.com/rss/articles/CBMiwgFBVV95cUxNWkxKWFhQRkFHU3l6ZkxXS3otTXBMMFdGN0RuNVBVQ3RZZkpncnRFVEFKOG4yT0E0bmFFRDAtd3A4eWdtTXd4bW5NeTJTYjE4MFlYYlBiT3pFa2tLTlpZTGJOSzRiYkRNN0g0Q0ZVbmRXQ1JkREhLbnoyN3hJX1lNRnIwNzR5SzRzc1FPNHowYWdOQWlXOHZBcGlQWXBGandEWk01WGRjQmdPZXVla01NVXVFekprNGhuT1JkVzVwU0pzZ9IBxwFBVV95cUxPaWhzN0stdjFZU2MycDMwbWl3cE9WblZfejBZYVUyeVhSbmRKTjhwYzVHcEVhOVBNTXZxT0dIV3NuV0RsZWRJZ1FiZ0JGVzFoM09QY3lKUkE2c2t3ZlV5WmhpajVZNl9CX3hsSlFPYndUMFVZQk5FU1VEQ2lqZDFvRENoeVRPcHRvM0V2WWJuXzZqVC01NEhFNnpuaGJIeXdNS2Q1cVdZLUl4aGY3MGFmQzlIOFNOd3hGbUhzVEhRRWllUzFMWHNr?oc=5,lokmattimes.com,"Wed, 03 Jun 2026 18:13:11 GMT",2026-06-13T00:58:03.960471,cyber_fraud,True,False,candidate,,unknown,none,failed
cyber fraud Maharashtra,"Mumbai Cyber Crime: Friend Allegedly Misuses SIM Card, Cheats Kuwait-Based Man of ₹3.25 Lakh in Vakola - lokmattimes.com",https://news.google.com/rss/articles/CBMi2AFBVV95cUxPamlQSHB6MXpmSjNoeEpITUtCR0dBZmp0N09ySVhPbzVZSXlsUHQ4N0FrMUxXUE1mVUJubkNzUzVhVXI4NVZ5RS02c3R2QmtubGdyLVNnbW9oLWx6ZjVVT3hwTEtlcGU5dmM2Z0N1LWkxWDFmUzZmSmRFVk1jOW50c24yWDJ5ejNWYkgxT29IbUhybzk5NzNONkVGclh6VWlGU2J5WHh4TUVOemQxUXo0NHpDTXJWbGRTWjNyeW5qbWcwRlFzWXNHaFpaaGhINzk1NVI2dkdBbW3SAd4BQVVfeXFMTU81QldqM3V3ZWJudXNESWxvV3NEVUp1THZwajhNWXhlSlREWWR5ZF90bGVxM0t0MHlEeUtGb2VVaWx0V25uVkJhMmcyVFI4dFZUcjJpNGN1eVJ3RXBSaENVRTlfSkdFelZiY0tack1XdWdrN0tJSVhhdTVsTjBkZGZ0TXNHNHZLN2VNS0g2cE5Pek92c2hXRmlxMG1WdjFtVEs1SFdCdC0tNmw2eGJ5OUhuVVNvQWlaYkNydGtVZ0syeVlGNlFkMWpzRXZiTG44SzgtdlVQODFITlRXeXd3?oc=5,lokmattimes.com,"Sat, 30 May 2026 21:22:30 GMT",2026-06-13T00:58:03.960476,cyber_fraud,True,False,candidate,,unknown,none,failed
cyber fraud Maharashtra,Maharashtra Govt Informs Council ₹941 Crore Lost In 1.99 Lakh Cyber Fraud Cases Through NCCRP Portal - Free Press Journal,https://news.google.com/rss/articles/CBMi0wFBVV95cUxNVE1ZaGhwSThVUEpXMXNFQUxJQUQ2YUZfUWpPUUdrdGR4VXpoYUlXMzZGZ01Ha1NHUlNTUVJ2amFQVDJzWmtwcFFRdS04VXJjZ3k3eUVtU2IySTYyRFBiSHM0LTVZajJjLV9iZVNJQm9SU29oQUJYaU1IUXk1SWc2OV9iR1R6ZzVvWjdZbmNNdlhjNWZvbDVTU2V3TGxUTnI5UE1vdlpjU3lNWVVWQU82ZkNmWEcwc21UVVlldmNtS0N4ek5MbTFiWmpjaXlhWjVHVEVj0gHYAUFVX3lxTE93ekYzTWVxT0R1NHRRQzUxRlVSV3c4TjAtdXJTb2hIS29YWElFNzVMd1ZiaGZtR1hhZW1lS2doeV9zY1hrMnJNb0V0UW4ybmZ2V3FreEl3RXI1STFtZW9kQVliWTFtQmlHTVk1S3BqLVQ3X1FUZGpULXhIZUlOX0VSTHVzb3JUem9uTEdYcjBNZ0p5Z2xjdVE1d2o3QWQ3N2xkX2NjNUdBU0p3bHZfODYtTUwtMV9vcGFseXF5Z3VlOGpEMERBU0phSzlFczVXeWVRZWNjWGVXLQ?oc=5,Free Press Journal,"Thu, 05 Mar 2026 08:00:00 GMT",2026-06-13T00:58:03.960482,cyber_fraud,True,False,candidate,,unknown,none,failed
cyber fraud Maharashtra,"LPG Crisis In Maharashtra: Cyber Crime On Rise Amid Shortage, 2 Women Lose ₹4 Lakh In Gas Update Online - Free Press Journal",https://news.google.com/rss/articles/CBMi7AFBVV95cUxQWkFoRlBnR2R4Z09ZUzFiN2RKNm80eFZhVW9VQ0RLR2tqQW05VHZKUThzeTZjQ0Z2cDc3Qlp5TGN5OURsS0JrZlUyaFMyV2Y2UDdSb0pHQ3JaUmsxb3NFTV9uV2o5QUhEVDNkVjJBR0JsdGQ2UENuYjZOVklrdndCakNFVW1Ma1JDU1ZROGRTN19fMXlJc2hJb0cxdVhNNXZPYmZHclVjNmRmS2sxTkttazVlNUJZR0hwSXh6Rm9NUVFRMkhvLUp0WlktRUJSQWYzZS15OWp0WmIwa3ZmUHBRY2dLc3VVSlhjbXpLStIB8gFBVV95cUxPQ3lkdGloWEFEZFN5Mkdzd01kRXljYi1JMGtXUjBnZDU1d20xSnpwdF9KOElmZGFyMGYzdE1QZTlwS2JsNUdNUEM4dW50RjYweGFydmVKSzVONF9xek83eEZhdmd2eXFHTGpDeC00NjNsWDFpUWRZSW9oc2hvWlFTT0h2RGJKc0NFdjVaZEtsT2M2RjhCemRhM1VlZGJiZ2JpVmJ0QWlLMHdqeTVyb1pqS2hwTDF5c21rRlk2R1BDcjFnaGExUnFrX0Zud2pneDFXdk9udXBzcVM0ZHpubEpxNmN2WVg0Y3NCQXVPMEJOQ3JIUQ?oc=5,Free Press Journal,"Fri, 13 Mar 2026 07:00:00 GMT",2026-06-13T00:58:03.960484,cyber_fraud,True,False,candidate,,unknown,none,failed
cyber fraud Maharashtra,"Pimpri-Chinchwad Police Invoke MCOCA in Cyber Fraud Case, 9 Arrested - Pune Mirror",https://news.google.com/rss/articles/CBMihwFBVV95cUxNaW9vakVKSy1xQTdwTklzQlVwdGxqN01OZXY4OXI1TnhNSGVJbTZpV1dnTkpydHh5MDdqcDFnTzFxczc0WEhWZ0p6U3lMZnQ4RzNNVWhxWHJnelAyM1R4OGxIM3ZPNGxramNkNzhRN09IR3NqZDZGMFZKcDl1LU9BVzJqZkYyNjA?oc=5,Pune Mirror,"Wed, 22 Apr 2026 07:00:00 GMT",2026-06-13T00:58:03.960487,cyber_fraud,True,False,candidate,,unknown,none,failed
cyber fraud Maharashtra,Goa Cyber Police Arrest Maharashtra Man In ₹61.84 Lakh Digital Arrest Scam Case - Free Press Journal,https://news.google.com/rss/articles/CBMitwFBVV95cUxNamtwellLRDNxOEQzdHNPeGlyRmJWUkcySHRyc0NZRC1SZGZzRzAxeVdOQ3FPak9oSXdhQnp2RGcxZmtYM0tUQkFvNTY3SFpnUThkWi1OWkZ4d0c3X1RmRmlvaXQydGM0cDVYN1lGSkRia0xlZWcxM3QtUERycjBIUXlWWG95NGdWSmV6NmhmWlpKdkVFT2FaSjAtQTR1UXJ5ZzdkazNJNzlGdkZ0azVsODBsa0VfSm_SAbwBQVVfeXFMT3h4dVNKTmRhNThKWXM4cWthRXVRZldfemhMd3JRdDBZb3Jmb2xIUlFUWGM2ekZlckVtc1hYX0lRNWtuSGowQ0ZSSkkya1NkdHVVRXhxc2xOSXBoV1ZzVDZBNW9Na2FUSlV5S1hQRl9wRU5yMVptT1pNcERVNkswV2ZBQTFhVkVwdjhCX2Q0VHk4dE1NU1hnY0h0SUZHQnc3VngtQTEwM2lVZ3pnSG9RalhjM3ZQUFd2MFBnX2k?oc=5,Free Press Journal,"Fri, 24 Apr 2026 07:00:00 GMT",2026-06-13T00:58:03.960492,cyber_fraud,True,False,candidate,,unknown,none,failed
